省份,流域,断面名称,监测时间,水质类别,水温(℃),pH(无量纲),溶解氧(mg/L),电导率(μS/cm),浊度(NTU),高锰酸盐指数(mg/L),氨氮(mg/L),总磷(mg/L),总氮(mg/L),叶绿素α(mg/L),藻密度(cells/L),站点情况
山东省,淮河流域,老运河微山段,*,*,--,--,--,--,--,--,--,--,--,*,*,不具备运行条件
山东省,淮河流域,老运河微山段,*,*,--,--,--,--,--,--,--,--,--,*,*,不具备运行条件
山东省,淮河流域,老运河微山段,*,*,--,--,--,--,--,--,--,--,--,*,*,不具备运行条件
山东省,淮河流域,老运河微山段,*,*,--,--,--,--,--,--,--,--,--,*,*,不具备运行条件
