省份,流域,断面名称,监测时间,水质类别,水温(℃),pH(无量纲),溶解氧(mg/L),电导率(μS/cm),浊度(NTU),高锰酸盐指数(mg/L),氨氮(mg/L),总磷(mg/L),总氮(mg/L),叶绿素α(mg/L),藻密度(cells/L),站点情况
山东省,海河流域,董姑桥,04-01 04:00,Ⅳ,15.4,8.24,11.23,1257.8,38.3,7.46,0.067,0.177,3.07,*,*,正常
山东省,海河流域,董姑桥,04-01 12:00,Ⅳ,15.9,8.37,12.33,1262.0,36.3,8.40,0.074,0.191,3.36,*,*,正常
山东省,海河流域,董姑桥,*,*,--,--,--,--,--,--,--,--,--,*,*,不具备运行条件
山东省,海河流域,董姑桥,*,*,--,--,--,--,--,--,--,--,--,*,*,不具备运行条件
山东省,海河流域,董姑桥,*,*,--,--,--,--,--,--,--,--,--,*,*,不具备运行条件
